"Time (s)","Latitude (째)","Longitude (째)","Height (m)","Velocity (m/s)","Direction (째)","Horizontal Accuracy (m)","Vertical Accuracy (째)"
2.052199841E-2,6.507761263E1,2.552644716E1,2.417285156E1,1.340000033E0,1.191796875E2,1.052562398E1,1.600000000E1
5.586600304E-2,6.507757575E1,2.552660358E1,2.417285156E1,NaN,NaN,1.659822134E1,1.600044617E1
5.376769304E-1,6.507758360E1,2.552663334E1,2.114402275E1,NaN,NaN,1.280506056E1,3.000000000E1
5.706009865E-1,6.507758360E1,2.552663334E1,2.114402275E1,NaN,NaN,1.280506782E1,3.000000000E1
1.142197013E0,6.507762822E1,2.552653855E1,3.035742188E1,3.000000119E-1,1.191796875E2,1.062412698E1,2.400000000E1
1.537147880E0,6.507764891E1,2.552649537E1,3.004309082E1,3.000000119E-1,1.191796875E2,9.320603983E0,2.400000000E1
2.535051942E0,6.507767828E1,2.552653032E1,3.267041016E1,3.000000119E-1,1.191796875E2,7.638011650E0,1.200000000E1
3.546252847E0,6.507766612E1,2.552656921E1,2.764312744E1,0.000000000E0,NaN,7.081673768E0,1.200000000E1
4.787603974E0,6.507769649E1,2.552652667E1,2.630566406E1,0.000000000E0,NaN,3.998019219E0,6.000000000E0
5.786058068E0,6.507770313E1,2.552652738E1,2.690728760E1,0.000000000E0,NaN,3.338950500E0,6.000000000E0
6.766141653E0,6.507769946E1,2.552652263E1,2.657666016E1,0.000000000E0,NaN,3.673568021E0,4.000000000E0
7.765875220E0,6.507769779E1,2.552651331E1,2.708190918E1,0.000000000E0,NaN,3.673587530E0,4.000000000E0
8.765599608E0,6.507770173E1,2.552651439E1,2.774401855E1,0.000000000E0,NaN,3.673585648E0,4.000000000E0
9.765332699E0,6.507770014E1,2.552650788E1,2.790930176E1,0.000000000E0,NaN,3.673588360E0,3.000000000E0
1.076508749E1,6.507770200E1,2.552650579E1,2.819519043E1,0.000000000E0,9.210937500E1,3.673586412E0,3.000000000E0
1.176485181E1,6.507770146E1,2.552650362E1,2.785174561E1,0.000000000E0,9.210937500E1,3.673257925E0,3.000000000E0
1.276463616E1,6.507769697E1,2.552650996E1,2.749157715E1,0.000000000E0,9.210937500E1,3.612321386E0,3.000000000E0
1.376444077E1,6.507770074E1,2.552650768E1,2.777108009E1,0.000000000E0,NaN,2.875259568E0,4.029364438E0
1.476424932E1,6.507770073E1,2.552650691E1,2.781978614E1,0.000000000E0,NaN,2.875287978E0,4.029364438E0
1.576407301E1,6.507770096E1,2.552650670E1,2.792427833E1,0.000000000E0,NaN,2.875303806E0,4.029364438E0
1.676390803E1,6.507770161E1,2.552650616E1,2.792427833E1,0.000000000E0,NaN,2.735721930E0,4.029364438E0
1.776374984E1,6.507770259E1,2.552650497E1,2.789998634E1,0.000000000E0,NaN,3.693884486E0,4.029364438E0
1.876361167E1,6.507769760E1,2.552650528E1,2.789705665E1,0.000000000E0,NaN,3.797571115E0,4.029364438E0
1.976348448E1,6.507770282E1,2.552650675E1,2.794363029E1,0.000000000E0,NaN,4.748651530E0,4.029364438E0
2.076335514E1,6.507768875E1,2.552653984E1,2.773497977E1,9.499999881E-1,1.226953279E2,4.748651530E0,4.029364438E0
2.176323652E1,6.507767334E1,2.552654671E1,2.755194116E1,1.470000029E0,1.371093943E2,4.748651530E0,4.029364438E0
2.276312268E1,6.507766309E1,2.552653908E1,2.748621392E1,1.470000029E0,1.532812627E2,4.748651530E0,4.029364438E0
2.376301682E1,6.507764290E1,2.552648562E1,2.612449288E1,1.470000029E0,1.838671856E2,4.748651530E0,4.029364438E0
2.476291716E1,6.507763014E1,2.552643736E1,2.441035485E1,1.470000029E0,2.032031138E2,4.748651530E0,4.029364438E0
2.576282346E1,6.507761532E1,2.552641025E1,2.276899172E1,1.509999990E0,1.944140553E2,4.748651530E0,4.029364438E0
2.676273453E1,6.507760149E1,2.552637811E1,2.123351312E1,1.509999990E0,1.993359279E2,4.748651530E0,4.029364438E0
2.776264954E1,6.507758758E1,2.552634946E1,2.022203281E1,1.570000052E0,2.014453014E2,4.748651530E0,4.029364438E0
2.876257086E1,6.507757532E1,2.552631591E1,1.973080661E1,1.570000052E0,2.084765481E2,4.748651530E0,4.029364438E0
2.976249623E1,6.507756341E1,2.552628181E1,1.928004482E1,1.590000033E0,2.119921713E2,4.748651530E0,4.029364438E0
3.076242554E1,6.507755111E1,2.552625243E1,1.865326717E1,1.590000033E0,2.105859219E2,4.748651530E0,4.029364438E0
3.176236010E1,6.507754039E1,2.552622541E1,1.847496438E1,1.470000029E0,2.119921725E2,4.748651530E0,4.029364438E0
3.276229703E1,6.507752899E1,2.552619917E1,1.806321740E1,1.470000029E0,2.112890478E2,4.748651530E0,4.029364438E0
3.376223743E1,6.507748919E1,2.552612716E1,2.593674416E1,1.528915157E0,2.105863095E2,4.748651422E0,3.922700872E0
3.476218057E1,6.507747833E1,2.552611392E1,2.540464421E1,1.442809240E0,2.113922720E2,4.748651450E0,3.782627471E0
3.576212776E1,6.507747039E1,2.552610179E1,2.498329141E1,1.460066515E0,2.086128853E2,4.748651432E0,3.801971789E0
3.676207697E1,6.507746197E1,2.552609402E1,2.489006429E1,1.435303809E0,2.086777843E2,4.748651471E0,3.572106824E0
3.776202929E1,6.507744840E1,2.552607708E1,2.466511827E1,1.421037512E0,2.109612061E2,4.748651463E0,3.628345373E0
3.876198339E1,6.507743252E1,2.552606895E1,2.461234114E1,1.408542376E0,2.076404802E2,4.748651449E0,3.747959902E0
3.976193976E1,6.507741953E1,2.552605034E1,2.436475093E1,1.460308608E0,2.075687845E2,4.748651478E0,3.570420090E0
4.076190019E1,6.507740582E1,2.552604545E1,2.420880892E1,1.437251409E0,2.044596863E2,4.748651478E0,3.589831372E0
4.176186156E1,6.507739344E1,2.552603084E1,2.381490382E1,1.529825459E0,2.044596863E2,4.748651474E0,3.611286093E0
4.276182401E1,6.507738378E1,2.552601938E1,2.357128228E1,1.529209432E0,2.044596863E2,4.748651477E0,3.602936752E0
4.376178813E1,6.507737070E1,2.552600365E1,2.350299296E1,1.558506550E0,2.044596863E2,4.748651472E0,3.604359932E0
4.476175523E1,6.507735948E1,2.552599517E1,2.356760053E1,1.486158617E0,2.044596863E2,4.748651474E0,3.595775816E0
4.576172304E1,6.507734975E1,2.552597848E1,2.335718385E1,1.505340925E0,2.037536316E2,4.748651456E0,3.693909096E0
4.676169252E1,6.507733807E1,2.552596794E1,2.317686663E1,1.564053015E0,2.000045166E2,4.748651446E0,3.641051639E0
4.776166415E1,6.507732980E1,2.552595193E1,2.295023239E1,1.211281524E0,2.000045166E2,4.748651478E0,3.639946165E0
4.876163602E1,6.507731912E1,2.552592897E1,2.285982340E1,1.529062544E0,2.000045166E2,4.748651470E0,3.514156140E0
4.976160979E1,6.507730461E1,2.552591681E1,2.283351787E1,1.566699848E0,1.979147034E2,4.748651449E0,3.632876574E0
5.076158488E1,6.507729569E1,2.552590444E1,2.269537169E1,1.554634483E0,1.979147034E2,4.748651451E0,3.601283603E0
5.176156032E1,6.507728458E1,2.552589384E1,2.238700783E1,1.547915132E0,1.979147034E2,4.748651471E0,3.422013058E0
5.276153660E1,6.507727348E1,2.552588908E1,2.220483029E1,1.457627819E0,1.943767853E2,4.748651477E0,3.411846258E0
5.376151431E1,6.507726373E1,2.552588051E1,2.195265703E1,1.441095076E0,1.943767853E2,4.748651472E0,3.521242373E0
5.476149249E1,6.507724811E1,2.552588924E1,2.241342132E1,1.545819149E0,1.943767853E2,4.748651467E0,3.525487757E0
5.576147354E1,6.507723442E1,2.552588672E1,2.231838718E1,1.420659842E0,1.904064636E2,4.748651487E0,3.374084835E0
5.676145220E1,6.507721658E1,2.552588014E1,2.210763866E1,1.613392644E0,1.904064636E2,4.748651479E0,3.289042042E0
5.776143312E1,6.507720489E1,2.552587485E1,2.199474352E1,1.549726402E0,1.875692444E2,4.748651484E0,3.215712087E0
5.876141465E1,6.507719421E1,2.552587331E1,2.169209292E1,1.456942179E0,1.859116669E2,4.748651479E0,3.269201799E0
5.976139688E1,6.507717661E1,2.552586625E1,2.150701695E1,1.548866928E0,1.859116669E2,4.748651491E0,3.133285408E0
6.076137936E1,6.507716274E1,2.552585700E1,2.135163302E1,1.575582705E0,1.859116669E2,4.748651491E0,3.112644743E0
6.176136351E1,6.507715573E1,2.552585297E1,2.114126033E1,1.489814538E0,1.859116669E2,4.748651493E0,3.178946495E0
6.276134670E1,6.507714162E1,2.552585026E1,2.109089379E1,1.564838585E0,1.859116669E2,4.748651490E0,3.215586592E0
6.376133156E1,6.507712856E1,2.552585881E1,2.102719359E1,1.513242505E0,1.840039825E2,4.748651491E0,3.248580836E0
6.476131594E1,6.507711100E1,2.552583863E1,2.111457708E1,1.302013155E0,1.840039825E2,4.748651413E0,5.521424998E0
6.576130080E1,6.507709765E1,2.552583506E1,2.111620302E1,1.223477223E0,1.840039825E2,4.748651426E0,5.520223621E0
6.676128626E1,6.507708393E1,2.552582936E1,2.123077508E1,1.292760656E0,1.840039825E2,4.748651422E0,5.533311406E0
6.776127303E1,6.507706921E1,2.552582495E1,2.113656878E1,1.375027555E0,1.840039825E2,4.748651419E0,5.181875713E0
6.876125872E1,6.507705548E1,2.552582357E1,2.126048325E1,1.369163590E0,1.840039825E2,4.748651412E0,5.252564335E0
6.976124549E1,6.507703990E1,2.552582059E1,2.165339256E1,1.481134750E0,1.840039825E2,4.748651408E0,5.164114583E0
7.076123273E1,6.507703025E1,2.552581932E1,2.154183676E1,1.187935701E0,1.840039825E2,4.748651440E0,5.586614593E0
7.176121998E1,6.507701576E1,2.552581542E1,2.166446228E1,1.400798910E0,1.840039825E2,4.748651440E0,5.247141406E0
7.276120842E1,6.507700127E1,2.552581413E1,2.163567781E1,1.390972369E0,1.840039825E2,4.748651441E0,5.252665805E0
7.376119530E1,6.507698835E1,2.552581552E1,2.154866596E1,1.347267107E0,1.840039825E2,4.748651444E0,5.426373398E0
7.476118350E1,6.507697575E1,2.552581362E1,2.145697034E1,1.441002101E0,1.840039825E2,4.748651450E0,5.221929831E0
7.576117229E1,6.507696622E1,2.552581085E1,2.125161581E1,1.302689464E0,1.859481201E2,4.748651458E0,5.419385480E0
7.676116085E1,6.507695577E1,2.552580197E1,2.135177772E1,1.390416146E0,1.859481201E2,4.748651460E0,5.318859421E0
7.776114953E1,6.507695044E1,2.552579631E1,2.182367933E1,9.218372207E-1,1.859481201E2,4.748651494E0,5.242907842E0
7.876113844E1,6.507694289E1,2.552579467E1,2.038632684E1,8.329310411E-1,1.859481201E2,4.748651495E0,5.331544240E0
7.976112688E1,6.507692605E1,2.552578976E1,2.035364523E1,1.334184182E0,1.872091522E2,4.748651469E0,5.395373440E0
8.076111662E1,6.507690956E1,2.552579034E1,2.062606857E1,1.573943521E0,1.872091522E2,4.748651464E0,5.357902393E0
8.176110566E1,6.507689989E1,2.552579278E1,2.030136447E1,1.227595089E0,1.872091522E2,4.748651467E0,5.806195572E0
8.276109588E1,6.507688617E1,2.552578599E1,2.002265457E1,1.421087395E0,1.854007568E2,4.748651468E0,5.374710673E0
8.376108539E1,6.507687204E1,2.552578170E1,2.021940398E1,1.487646480E0,1.854007568E2,4.748651446E0,5.399947921E0
8.476107585E1,6.507686172E1,2.552577525E1,1.994133830E1,1.417959072E0,1.854007568E2,4.748651451E0,5.422999702E0
8.576106513E1,6.507684803E1,2.552577427E1,1.997595086E1,1.425978561E0,1.854007568E2,4.748651456E0,5.434868150E0
8.676105487E1,6.507683599E1,2.552576921E1,1.988645407E1,1.386030050E0,1.854007568E2,4.748651456E0,5.472204192E0
8.776104522E1,6.507682120E1,2.552576921E1,1.993358095E1,1.408832446E0,1.854007568E2,4.748651466E0,5.598863138E0
8.876103520E1,6.507680763E1,2.552576901E1,1.988202147E1,1.403762490E0,1.854007568E2,4.748651462E0,5.638270698E0
8.976102579E1,6.507679409E1,2.552576248E1,2.023244015E1,1.371358645E0,1.874174194E2,4.748651457E0,5.755940017E0
9.076101637E1,6.507678179E1,2.552575851E1,2.023277789E1,1.307089336E0,1.874174194E2,4.748651464E0,5.644574009E0
9.176100683E1,6.507676882E1,2.552575769E1,2.058974657E1,1.319231017E0,1.874174194E2,4.748651468E0,5.598949619E0
9.276099777E1,6.507675576E1,2.552575490E1,2.070697411E1,1.334634149E0,1.874174194E2,4.748651466E0,5.598880950E0
9.376098752E1,6.507674607E1,2.552574621E1,2.035658855E1,1.180933636E0,1.908848267E2,4.748651475E0,5.574347688E0
9.476097858E1,6.507673185E1,2.552574078E1,2.073721109E1,1.359671796E0,1.921884766E2,4.748651477E0,5.538311673E0
9.576096964E1,6.507672109E1,2.552573341E1,2.048168087E1,1.260352523E0,1.921884766E2,4.748651483E0,5.500381844E0
9.676096070E1,6.507670767E1,2.552572821E1,2.030565378E1,1.380564476E0,1.921884766E2,4.748651467E0,5.471560383E0
9.776095116E1,6.507669309E1,2.552572046E1,2.024350920E1,1.362933548E0,1.949047546E2,4.748651465E0,5.545481244E0
9.876094234E1,6.507667982E1,2.552570657E1,2.034297739E1,1.583975807E0,1.949047546E2,4.748651440E0,5.624456030E0
9.976093340E1,6.507666492E1,2.552569266E1,2.027110560E1,1.754582185E0,1.949047546E2,4.748651428E0,5.772195009E0
1.007609246E2,6.507665344E1,2.552567606E1,2.032484844E1,1.750251465E0,1.949047546E2,4.748651446E0,5.733545266E0
1.017609156E2,6.507664169E1,2.552566531E1,2.020742450E1,1.710615370E0,1.949047546E2,4.748651438E0,5.859202648E0
1.027609065E2,6.507662787E1,2.552565527E1,2.038798884E1,1.729890163E0,1.949047546E2,4.748651411E0,5.898287995E0
1.037608981E2,6.507661773E1,2.552564036E1,2.021937030E1,1.610118402E0,1.949047546E2,4.748651416E0,5.910665231E0
1.047608895E2,6.507660480E1,2.552562497E1,2.094754910E1,1.634280059E0,1.949047546E2,4.748651427E0,5.967472630E0
1.057608806E2,6.507659299E1,2.552561246E1,2.049046095E1,1.608051552E0,1.949047546E2,4.748651413E0,5.880925950E0
1.067608719E2,6.507657890E1,2.552560580E1,2.009658584E1,1.639381032E0,1.949047546E2,4.748651418E0,5.888647968E0
1.077608629E2,6.507656650E1,2.552560022E1,1.970486503E1,1.611021565E0,1.949047546E2,4.748651405E0,5.885572425E0
1.087608536E2,6.507655518E1,2.552558644E1,1.995969495E1,1.665187868E0,1.949047546E2,4.748651415E0,5.976898932E0
1.097608457E2,6.507654172E1,2.552557351E1,2.036191799E1,1.763496948E0,1.949047546E2,4.748651397E0,6.067207686E0
1.107608367E2,6.507652931E1,2.552555714E1,2.007945313E1,1.742218919E0,1.949047546E2,4.748651407E0,6.024704899E0
1.117608281E2,6.507651519E1,2.552554778E1,2.021709666E1,1.750074330E0,1.949047546E2,4.748651416E0,6.055298338E0
1.127608198E2,6.507650232E1,2.552553726E1,2.014199566E1,1.719228638E0,1.949047546E2,4.748651427E0,6.020954896E0
1.137608106E2,6.507648635E1,2.552553251E1,2.028755108E1,1.776767910E0,1.949047546E2,4.748651421E0,6.061275356E0
1.147608023E2,6.507647275E1,2.552551926E1,2.043107445E1,1.768508620E0,1.949047546E2,4.748651426E0,6.028057678E0
1.157607944E2,6.507645942E1,2.552550445E1,2.076900248E1,1.738378368E0,1.949047546E2,4.748651443E0,5.917175296E0
1.167607858E2,6.507644706E1,2.552549255E1,2.066266898E1,1.762540510E0,1.949047546E2,4.748651428E0,5.989273710E0
1.177607770E2,6.507643513E1,2.552547999E1,2.063330729E1,1.703297147E0,1.949047546E2,4.748651424E0,5.956289906E0
1.187607692E2,6.507642288E1,2.552546821E1,2.065082695E1,1.732845709E0,1.949047546E2,4.748651422E0,5.899522790E0
1.197607605E2,6.507641169E1,2.552545941E1,2.064509483E1,1.442325338E0,1.949047546E2,4.748651446E0,5.733086442E0
1.207607518E2,6.507640559E1,2.552544250E1,2.068322632E1,1.221692594E0,1.949047546E2,4.748651464E0,5.386025628E0
1.217607437E2,6.507639445E1,2.552542478E1,2.022568913E1,1.371967751E0,1.949047546E2,4.748651456E0,5.383355650E0
1.227607352E2,6.507638332E1,2.552540972E1,2.001061675E1,1.381215359E0,1.949047546E2,4.748651452E0,5.387667665E0
1.237607266E2,6.507637098E1,2.552539462E1,1.988765892E1,1.449211094E0,1.949047546E2,4.748651447E0,5.350369859E0
1.247607179E2,6.507636314E1,2.552538572E1,1.949087621E1,1.160638459E0,1.949047546E2,4.748651452E0,5.644239760E0
1.257607095E2,6.507635278E1,2.552537188E1,1.941568250E1,1.284955253E0,1.949047546E2,4.748651448E0,5.399805568E0
1.267607017E2,6.507633979E1,2.552535321E1,1.959299061E1,1.386185992E0,1.949047546E2,4.748651420E0,5.267720996E0
1.277606925E2,6.507632973E1,2.552533434E1,1.943027792E1,1.404498154E0,1.949047546E2,4.748651438E0,5.277275983E0
1.287606854E2,6.507631850E1,2.552531416E1,1.945663679E1,1.474567275E0,1.949047546E2,4.748651440E0,5.307470221E0
1.297606757E2,6.507630911E1,2.552530491E1,1.956007823E1,1.177008302E0,2.112096515E2,4.748651451E0,5.668244338E0
1.307606677E2,6.507629517E1,2.552528953E1,1.939928790E1,1.463355211E0,2.087197035E2,4.748651437E0,5.313422827E0
1.317606592E2,6.507628735E1,2.552527798E1,1.931266001E1,1.157983219E0,2.097511991E2,4.748651433E0,5.643389153E0
1.327616884E2,6.507627367E1,2.552525646E1,1.932353806E1,1.508137428E0,2.111741239E2,4.748651422E0,5.277005907E0
1.337617091E2,6.507626489E1,2.552524682E1,1.958591644E1,1.144094101E0,2.090324989E2,4.748651433E0,5.663899028E0
1.347617130E2,6.507625211E1,2.552522592E1,1.926030545E1,1.527000368E0,2.091139428E2,4.748651437E0,5.242586055E0
1.357617328E2,6.507623857E1,2.552521168E1,1.936679835E1,1.523507231E0,2.079466124E2,4.748651439E0,5.167865790E0
1.367617464E2,6.507622461E1,2.552520385E1,1.948451795E1,1.467353137E0,2.043251747E2,4.748651444E0,5.169339049E0
1.377617428E2,6.507621229E1,2.552519130E1,1.930683187E1,1.486861777E0,2.044380348E2,4.748651439E0,5.194313142E0
1.387617517E2,6.507620289E1,2.552518171E1,1.898724505E1,1.312435620E0,2.049795115E2,4.748651454E0,5.182245961E0
1.397617673E2,6.507619034E1,2.552516909E1,1.910057550E1,1.364258652E0,2.065454062E2,4.748651438E0,5.210425811E0
1.407617635E2,6.507617890E1,2.552515048E1,1.915583084E1,1.512058326E0,2.091016800E2,4.748651448E0,5.213454643E0
1.417617749E2,6.507616842E1,2.552513260E1,1.934409773E1,1.533272011E0,2.094633481E2,4.748651431E0,5.231154750E0
1.427617868E2,6.507616114E1,2.552512091E1,1.943388746E1,1.151900655E0,2.072737427E2,4.748651451E0,5.567989647E0
1.437617809E2,6.507615087E1,2.552510278E1,1.910109306E1,1.320823938E0,2.072737427E2,4.748651445E0,5.370729459E0
1.447617958E2,6.507613921E1,2.552508292E1,1.915327972E1,1.488147038E0,2.072737427E2,4.748651426E0,5.195153448E0
1.457617992E2,6.507613022E1,2.552507343E1,1.915226319E1,1.152076414E0,2.072737427E2,4.748651443E0,5.659008856E0
1.467617887E2,6.507611936E1,2.552505456E1,1.910055170E1,1.388302677E0,2.072737427E2,4.748651440E0,5.292549864E0
1.477617805E2,6.507610515E1,2.552503883E1,1.929966808E1,1.475646924E0,2.072737427E2,4.748651432E0,5.260088978E0
1.487617731E2,6.507609701E1,2.552502823E1,1.926525580E1,1.165899427E0,2.072737427E2,4.748651441E0,5.658816386E0
1.497617651E2,6.507608300E1,2.552500918E1,1.931510552E1,1.476260849E0,2.068442230E2,4.748651442E0,5.237288720E0
1.507617561E2,6.507607373E1,2.552499681E1,1.896768996E1,1.172702758E0,2.068442230E2,4.748651450E0,5.647897062E0
1.517617476E2,6.507605763E1,2.552497959E1,1.891855862E1,1.530462089E0,2.068442230E2,4.748651432E0,5.229594403E0
1.527617396E2,6.507604705E1,2.552497325E1,1.916716154E1,1.172537550E0,2.075862274E2,4.748651443E0,5.630000774E0
1.537617320E2,6.507603528E1,2.552495489E1,1.887868408E1,1.512567314E0,2.075862274E2,4.748651435E0,5.220897559E0
1.547617233E2,6.507602388E1,2.552494272E1,1.863059568E1,1.456537089E0,2.075862274E2,4.748651435E0,5.134925715E0
1.557617155E2,6.507601527E1,2.552492913E1,1.857453944E1,1.297157213E0,2.075862274E2,4.748651447E0,5.139309062E0
1.567617069E2,6.507600503E1,2.552490956E1,1.847530694E1,1.366359070E0,2.075862274E2,4.748651438E0,5.113372616E0
1.577616985E2,6.507599329E1,2.552489079E1,1.853275032E1,1.451343825E0,2.075862274E2,4.748651427E0,5.125571283E0
1.587616900E2,6.507598510E1,2.552487984E1,1.861219383E1,1.287399927E0,2.075862274E2,4.748651439E0,5.133484239E0
1.597616814E2,6.507597228E1,2.552486182E1,1.873089358E1,1.394310558E0,2.075862274E2,4.748651429E0,5.120636314E0
1.607616730E2,6.507595810E1,2.552485118E1,1.893213659E1,1.372116770E0,2.075862274E2,4.748651431E0,5.129696488E0
1.617616646E2,6.507594712E1,2.552483820E1,1.907927533E1,1.325968265E0,2.075862274E2,4.748651436E0,5.124507264E0
1.627616563E2,6.507593671E1,2.552482342E1,1.897268065E1,1.357189417E0,2.075862274E2,4.748651441E0,5.134193437E0
1.637616477E2,6.507593144E1,2.552480979E1,1.892223341E1,1.184267845E0,2.075862274E2,4.748651446E0,5.096900375E0
1.647616392E2,6.507591657E1,2.552478992E1,1.899856703E1,1.443693959E0,2.075862274E2,4.748651424E0,5.128093255E0
1.657616309E2,6.507590965E1,2.552477620E1,1.888327089E1,1.116894641E0,2.075862274E2,4.748651433E0,5.582587108E0
1.667616228E2,6.507589704E1,2.552475618E1,1.935561199E1,1.367974643E0,2.075862274E2,4.748651427E0,5.219371270E0
1.677616138E2,6.507588681E1,2.552474017E1,1.950069323E1,1.299772482E0,2.075862274E2,4.748651453E0,5.105550102E0
1.687616060E2,6.507587416E1,2.552472969E1,1.991103798E1,1.259423998E0,2.075862274E2,4.748651440E0,5.116820610E0
1.697616001E2,6.507586013E1,2.552472729E1,2.026134908E1,1.257645201E0,2.075862274E2,4.748651453E0,5.119962750E0
1.707615886E2,6.507584905E1,2.552472518E1,2.020197443E1,1.287226704E0,2.075862274E2,4.748651456E0,5.127495486E0
1.717615806E2,6.507583716E1,2.552471708E1,2.021991325E1,1.266821690E0,2.075862274E2,4.748651449E0,5.208770276E0
1.727615716E2,6.507582633E1,2.552470268E1,2.029413334E1,1.309222231E0,2.071264343E2,4.748651458E0,5.188291270E0
1.737615632E2,6.507581335E1,2.552468983E1,2.009868193E1,1.426878593E0,2.071264343E2,4.748651433E0,5.219711074E0
1.747615550E2,6.507579906E1,2.552467330E1,2.021475985E1,1.579913875E0,2.071264343E2,4.748651416E0,5.564724588E0
1.757615463E2,6.507578466E1,2.552465993E1,1.997586985E1,1.576811922E0,2.071264343E2,4.748651435E0,5.802722010E0
1.767615384E2,6.507577037E1,2.552464572E1,1.996866420E1,1.568840597E0,2.071264343E2,4.748651427E0,5.905164612E0
1.777615288E2,6.507575723E1,2.552463016E1,2.004683141E1,1.559353493E0,2.071264343E2,4.748651412E0,5.989645474E0
1.787615206E2,6.507574516E1,2.552461149E1,2.003203948E1,1.576785433E0,2.071264343E2,4.748651430E0,5.992727963E0
1.797615117E2,6.507573255E1,2.552459615E1,2.021971896E1,1.600813962E0,2.071264343E2,4.748651410E0,6.041043287E0
1.807615031E2,6.507571919E1,2.552458567E1,2.032842571E1,1.582128370E0,2.071264343E2,4.748651436E0,6.090731228E0
1.817614943E2,6.507570444E1,2.552457871E1,2.014418986E1,1.610114592E0,2.050983276E2,4.748651414E0,6.121184876E0
1.827614861E2,6.507569300E1,2.552456453E1,1.974589940E1,1.589482825E0,2.050983276E2,4.748651406E0,6.131547772E0
1.837614775E2,6.507568116E1,2.552455347E1,1.969585455E1,1.573139992E0,2.050983276E2,4.748651420E0,6.224173125E0
1.847614698E2,6.507566969E1,2.552453990E1,1.970745805E1,1.543416555E0,2.050983276E2,4.748651430E0,6.219150922E0
1.857614604E2,6.507565898E1,2.552452830E1,1.995470700E1,1.576704077E0,2.050983276E2,4.748651434E0,6.174119178E0
1.867614523E2,6.507564691E1,2.552451277E1,1.961902597E1,1.594639027E0,2.050983276E2,4.748651422E0,6.162651001E0
1.877614620E2,6.507563542E1,2.552449539E1,1.951841424E1,1.593393453E0,2.050983276E2,4.748651418E0,6.125496973E0
1.887614349E2,6.507562356E1,2.552447952E1,1.967107819E1,1.619014195E0,2.035033722E2,4.748651416E0,6.085738676E0
1.897614263E2,6.507561284E1,2.552445876E1,1.942110928E1,1.615156015E0,2.053000183E2,4.748651424E0,6.103776448E0
1.907614173E2,6.507560209E1,2.552443986E1,1.934830579E1,1.588662480E0,2.053000183E2,4.748651427E0,6.071872463E0
1.917614090E2,6.507559466E1,2.552443418E1,1.932487267E1,1.110763693E0,2.053000183E2,4.748651460E0,5.512621321E0
1.927614001E2,6.507558373E1,2.552442363E1,1.961943533E1,1.162168805E0,2.053000183E2,4.748651457E0,5.420054568E0
1.937613920E2,6.507557199E1,2.552440863E1,1.950228938E1,1.261996419E0,2.053000183E2,4.748651441E0,5.454092621E0
1.947613831E2,6.507556097E1,2.552438895E1,1.928796376E1,1.413996245E0,2.053000183E2,4.748651427E0,5.431457694E0
1.957613747E2,6.507555290E1,2.552437281E1,1.910714028E1,1.467165082E0,2.053000183E2,4.748651420E0,5.676355591E0
1.967613664E2,6.507554265E1,2.552435652E1,1.894458401E1,1.582022999E0,2.053000183E2,4.748651412E0,5.820373554E0
1.977613573E2,6.507553246E1,2.552433452E1,1.900001626E1,1.580850774E0,2.053000183E2,4.748651408E0,5.925791121E0
1.987613481E2,6.507553075E1,2.552429714E1,1.963662949E1,1.570105318E0,2.046611481E2,4.748651444E0,5.985317467E0
1.997613395E2,6.507556278E1,2.552425052E1,1.971058181E1,1.591014825E0,2.673563538E2,4.748651528E0,5.939707329E0
2.007613320E2,6.507556916E1,2.552423355E1,1.957851531E1,1.580712092E0,2.891525269E2,4.748651558E0,5.869528545E0
2.017613231E2,6.507557449E1,2.552420036E1,1.950188935E1,1.575999108E0,2.940931396E2,4.748651557E0,5.824295688E0
2.027613144E2,6.507558117E1,2.552416494E1,1.940846153E1,1.582311896E0,2.940931396E2,4.748651560E0,5.774770503E0
2.037613057E2,6.507558751E1,2.552413133E1,1.928596569E1,1.578933331E0,2.940931396E2,4.748651554E0,5.764259701E0
2.047612973E2,6.507559385E1,2.552409774E1,1.942661821E1,1.581219700E0,2.940931396E2,4.748651563E0,5.729365348E0
2.057612885E2,6.507559943E1,2.552406892E1,1.943140621E1,1.550567305E0,2.953271179E2,4.748651567E0,5.708632645E0
2.067612799E2,6.507560638E1,2.552403413E1,2.000148948E1,1.570806997E0,2.953271179E2,4.748651535E0,5.711101948E0
2.077612704E2,6.507561282E1,2.552400187E1,2.064080029E1,1.561273264E0,2.953271179E2,4.748651525E0,5.685608459E0
2.087612627E2,6.507561902E1,2.552397081E1,2.040605576E1,1.563435786E0,2.953271179E2,4.748651522E0,5.715090016E0
2.097612540E2,6.507562414E1,2.552394517E1,2.036522915E1,1.304030275E0,2.953271179E2,4.748651499E0,5.039854698E0
2.107612454E2,6.507562898E1,2.552392092E1,2.031407874E1,1.047734971E0,2.953271179E2,4.748651496E0,5.067761335E0
2.117612370E2,6.507563621E1,2.552388471E1,2.011381073E1,1.343159394E0,2.953271179E2,4.748651491E0,4.944880360E0
2.127612280E2,6.507564208E1,2.552385531E1,1.978154451E1,1.358534344E0,2.953271179E2,4.748651488E0,4.920008116E0
2.137612189E2,6.507564817E1,2.552382484E1,1.954278594E1,1.367914270E0,2.953271179E2,4.748651483E0,4.860762288E0
2.147612103E2,6.507565503E1,2.552379044E1,1.969903929E1,1.487107219E0,2.953271179E2,4.748651477E0,4.795555605E0
2.157612015E2,6.507566181E1,2.552375741E1,1.980376248E1,1.571405515E0,2.965899963E2,4.748651473E0,5.221081319E0
2.167611929E2,6.507566949E1,2.552372109E1,1.993493743E1,1.568197005E0,2.969543152E2,4.748651459E0,5.309514518E0
2.177611851E2,6.507567712E1,2.552368555E1,2.024514752E1,1.561619889E0,2.969543152E2,4.748651448E0,5.365966641E0
2.187611759E2,6.507568389E1,2.552365389E1,2.032773954E1,1.568608446E0,2.968158569E2,4.748651449E0,5.422309586E0
2.197611681E2,6.507569143E1,2.552361855E1,2.055718755E1,1.549378737E0,2.968158569E2,4.748651463E0,5.497974924E0
2.207611592E2,6.507569874E1,2.552358429E1,2.051301767E1,1.557560679E0,2.968158569E2,4.748651456E0,5.472180827E0
2.217611506E2,6.507570528E1,2.552355360E1,2.042502015E1,1.565422913E0,2.968158569E2,4.748651437E0,5.504886897E0
2.227611417E2,6.507571202E1,2.552352198E1,2.066865208E1,1.571277042E0,2.968158569E2,4.748651445E0,5.504124331E0
2.237611327E2,6.507571925E1,2.552348810E1,2.079939866E1,1.574386047E0,2.968158569E2,4.748651430E0,5.520175868E0
2.247611237E2,6.507572626E1,2.552345522E1,2.081039859E1,1.574542367E0,2.968158569E2,4.748651445E0,5.568770980E0
2.257611156E2,6.507573272E1,2.552342492E1,2.089820927E1,1.562443653E0,2.968158569E2,4.748651421E0,5.648721347E0
2.267611066E2,6.507574014E1,2.552339002E1,2.091699151E1,1.534441443E0,2.967556152E2,4.748651440E0,5.685644632E0
2.277610986E2,6.507574609E1,2.552336204E1,2.120267043E1,1.539290709E0,2.967556152E2,4.748651410E0,5.730764180E0
2.287610893E2,6.507575245E1,2.552333213E1,2.140558996E1,1.552480633E0,2.967556152E2,4.748651434E0,5.736571494E0
2.297610813E2,6.507575918E1,2.552330048E1,2.147630064E1,1.548106608E0,2.967556152E2,4.748651431E0,5.786809925E0
2.307610723E2,6.507576503E1,2.552327298E1,2.102728773E1,1.532573311E0,2.967556152E2,4.748651420E0,5.731140703E0
2.317610635E2,6.507577034E1,2.552324860E1,2.121058199E1,1.533116907E0,2.981533813E2,4.748651419E0,5.687667741E0
2.327610556E2,6.507577686E1,2.552321973E1,2.162039859E1,1.543540866E0,2.981533813E2,4.748651417E0,5.716800875E0
2.337610468E2,6.507578343E1,2.552319061E1,2.201663071E1,1.559696811E0,2.981533813E2,4.748651424E0,5.690588277E0
2.347610383E2,6.507579021E1,2.552316062E1,2.214219721E1,1.552751972E0,2.981533813E2,4.748651424E0,5.670615329E0
2.357610288E2,6.507579682E1,2.552313135E1,2.271060380E1,1.525926871E0,2.981533813E2,4.748651425E0,5.721443700E0
2.367610202E2,6.507580363E1,2.552310118E1,2.272150387E1,1.513139768E0,2.981533813E2,4.748651417E0,5.741579584E0
2.377610127E2,6.507581111E1,2.552306805E1,2.298997331E1,1.532600536E0,2.981533813E2,4.748651407E0,5.740657140E0
2.387610037E2,6.507581779E1,2.552303844E1,2.346714431E1,1.537946058E0,2.981533813E2,4.748651408E0,5.766498127E0
2.397609953E2,6.507582279E1,2.552301692E1,2.384206273E1,1.505914480E0,3.024347839E2,4.748651423E0,5.774303987E0
2.407609855E2,6.507583037E1,2.552298863E1,2.414040236E1,1.518522406E0,3.024347839E2,4.748651405E0,5.685204974E0
2.417609775E2,6.507583757E1,2.552296178E1,2.446445779E1,1.551041382E0,3.024347839E2,4.748651422E0,5.645369491E0
2.427609686E2,6.507584393E1,2.552293806E1,2.462386023E1,1.520639454E0,3.024347839E2,4.748651419E0,5.691840590E0
2.437609596E2,6.507585206E1,2.552290772E1,2.461597196E1,1.524444016E0,3.024347839E2,4.748651380E0,5.792799642E0
2.447609514E2,6.507586174E1,2.552287021E1,2.448032658E1,1.539821491E0,2.964556885E2,4.748651370E0,5.778133619E0
2.457609435E2,6.507586789E1,2.552284096E1,2.428777234E1,1.541457207E0,2.964556885E2,4.748651395E0,5.745784052E0
2.467609344E2,6.507587329E1,2.552281522E1,2.439412696E1,1.545518299E0,2.964556885E2,4.748651400E0,5.831722236E0
2.477609257E2,6.507587971E1,2.552278456E1,2.430040863E1,1.540507608E0,2.963455811E2,4.748651377E0,5.870041034E0
2.487609175E2,6.507588513E1,2.552275859E1,2.386540823E1,1.512001821E0,2.963455811E2,4.748651375E0,5.858845188E0
2.497609085E2,6.507589149E1,2.552272814E1,2.380196888E1,1.507337718E0,2.963455811E2,4.748651332E0,6.515642427E0
2.507608998E2,6.507589721E1,2.552270078E1,2.402429040E1,1.520995584E0,2.963455811E2,4.748651303E0,6.950078989E0
2.517608916E2,6.507590465E1,2.552266516E1,2.454627260E1,1.533997890E0,2.963455811E2,4.748651339E0,7.081674424E0
2.527608835E2,6.507591126E1,2.552263355E1,2.492381893E1,1.538676636E0,2.963455811E2,4.748651344E0,7.086775058E0
2.537608739E2,6.507591662E1,2.552260788E1,2.466107330E1,1.539050126E0,2.963455811E2,4.748651342E0,6.930491169E0
2.547608650E2,6.507592235E1,2.552258045E1,2.440137123E1,1.534447404E0,2.963455811E2,4.748651329E0,7.035243941E0
2.557608563E2,6.507592806E1,2.552255313E1,2.411632812E1,1.539779794E0,2.963455811E2,4.748651328E0,7.075730956E0
2.567608478E2,6.507593495E1,2.552252017E1,2.480045149E1,1.558311319E0,2.977490234E2,4.748651297E0,7.132003533E0
2.577608395E2,6.507594141E1,2.552249106E1,2.462942724E1,1.543816913E0,2.977490234E2,4.748651323E0,7.026121238E0
2.587621539E2,6.507594837E1,2.552245971E1,2.468010973E1,1.549383342E0,2.977490234E2,4.748651355E0,6.972013044E0
2.597621610E2,6.507595551E1,2.552242752E1,2.452973796E1,1.544537003E0,2.977490234E2,4.748651355E0,6.967859871E0
2.607621477E2,6.507596142E1,2.552240092E1,2.450742976E1,1.543323158E0,2.977490234E2,4.748651353E0,6.999893972E0
2.617621484E2,6.507596791E1,2.552237169E1,2.455351677E1,1.544163023E0,2.977490234E2,4.748651323E0,6.968039110E0
2.627621468E2,6.507597396E1,2.552234440E1,2.431995234E1,1.535438064E0,2.977490234E2,4.748651364E0,6.964351971E0
2.637621255E2,6.507598032E1,2.552231575E1,2.403566115E1,1.544422514E0,2.977490234E2,4.748651353E0,7.095880595E0
2.647621206E2,6.507598699E1,2.552228573E1,2.438879420E1,1.553727218E0,2.977490234E2,4.748651359E0,7.053119364E0
2.657621129E2,6.507599263E1,2.552226031E1,2.439649417E1,1.557510489E0,2.977490234E2,4.748651365E0,7.164363130E0
2.667620921E2,6.507599910E1,2.552223115E1,2.442284980E1,1.540751535E0,2.977490234E2,4.748651367E0,7.099878647E0
2.677620938E2,6.507600593E1,2.552220041E1,2.451857201E1,1.528958932E0,2.977490234E2,4.748651374E0,7.070192423E0
2.687620878E2,6.507601204E1,2.552216894E1,2.490011550E1,1.527756250E0,2.959015503E2,4.748651392E0,6.950060369E0
2.697620668E2,6.507601796E1,2.552214005E1,2.491768678E1,1.549747700E0,2.959015503E2,4.748651396E0,6.930611645E0
2.707620653E2,6.507602342E1,2.552211338E1,2.461879477E1,1.536236595E0,2.959015503E2,4.748651391E0,6.635629719E0
2.717620656E2,6.507602985E1,2.552208201E1,2.471146911E1,1.549680567E0,2.959015503E2,4.748651389E0,6.566899195E0
2.727620467E2,6.507603565E1,2.552205367E1,2.477720061E1,1.537557394E0,2.959015503E2,4.748651404E0,6.497439054E0
2.737620270E2,6.507604188E1,2.552202330E1,2.493216862E1,1.531827266E0,2.959015503E2,4.748651414E0,6.319812757E0
2.747620078E2,6.507604777E1,2.552199454E1,2.479539297E1,1.548060926E0,2.959015503E2,4.748651405E0,6.257212708E0
2.757619890E2,6.507605375E1,2.552196533E1,2.456122689E1,1.541239481E0,2.959015503E2,4.748651403E0,6.154479600E0
2.767619696E2,6.507606039E1,2.552193293E1,2.471990321E1,1.547173695E0,2.959015503E2,4.748651406E0,6.136808262E0
2.777619519E2,6.507606661E1,2.552190201E1,2.488489544E1,1.546415893E0,2.954707947E2,4.748651411E0,5.974930501E0
2.787619349E2,6.507607245E1,2.552187291E1,2.471400821E1,1.541902310E0,2.954707947E2,4.748651413E0,5.978436710E0
2.797619184E2,6.507607815E1,2.552184456E1,2.466308043E1,1.544891939E0,2.954707947E2,4.748651390E0,6.014630930E0
2.807619014E2,6.507608339E1,2.552181848E1,2.487584184E1,1.534317238E0,2.954707947E2,4.748651426E0,5.952930491E0
2.817618850E2,6.507608981E1,2.552178656E1,2.509158166E1,1.535044843E0,2.954707947E2,4.748651427E0,5.864171488E0
2.827618686E2,6.507609491E1,2.552177140E1,2.452499600E1,1.513663562E0,2.954707947E2,4.748651460E0,5.828517888E0
2.837618537E2,6.507610465E1,2.552176212E1,2.411256737E1,1.515911554E0,2.954707947E2,4.748651455E0,5.954437920E0
2.847618387E2,6.507610717E1,2.552174960E1,2.403288804E1,1.508877430E0,3.394556570E2,4.748651464E0,6.006114229E0
2.857618241E2,6.507610800E1,2.552174546E1,2.391575064E1,1.531131384E0,3.510064540E2,4.748651471E0,6.081810597E0
2.867618090E2,6.507611214E1,2.552174956E1,2.395751115E1,1.529732581E0,1.443566518E0,4.748651503E0,6.143805292E0
2.877617946E2,6.507611857E1,2.552176024E1,2.345140542E1,1.522767824E0,1.343285150E1,4.748651509E0,6.176142983E0
2.887617807E2,6.507612649E1,2.552178175E1,2.255381472E1,1.519580182E0,2.030035693E1,4.748651481E0,6.243644465E0
2.897617670E2,6.507613787E1,2.552180340E1,2.265959876E1,1.544846614E0,2.408316293E1,4.748651461E0,6.331413995E0
2.907617537E2,6.507615224E1,2.552182647E1,2.244634287E1,1.545881959E0,2.535544217E1,4.748651451E0,6.398607543E0
2.917617406E2,6.507620586E1,2.552195758E1,2.224376993E1,1.535050489E0,2.741186758E1,4.748651440E0,6.381800660E0
2.927617282E2,6.507621762E1,2.552198202E1,2.243418045E1,1.518135286E0,2.180090714E1,4.748651416E0,6.512664903E0
2.937617148E2,6.507623081E1,2.552200634E1,2.251696188E1,1.523349150E0,2.180090714E1,4.748651401E0,6.637207554E0
2.947617017E2,6.507624390E1,2.552202622E1,2.274903866E1,1.535874508E0,2.180090714E1,4.748651392E0,6.692483755E0
2.957616897E2,6.507625642E1,2.552204408E1,2.267126310E1,1.529480147E0,2.180090714E1,4.748651401E0,6.751298517E0
2.967616769E2,6.507627077E1,2.552205768E1,2.285912708E1,1.550640801E0,2.180090714E1,4.748651368E0,6.815608796E0
2.977616643E2,6.507627712E1,2.552210126E1,2.289576556E1,1.548908878E0,2.707813263E1,4.748651359E0,6.887246444E0
2.987616532E2,6.507629072E1,2.552211774E1,2.338724631E1,1.527392799E0,2.707813263E1,4.748651344E0,7.053729096E0
2.997616414E2,6.507630376E1,2.552213354E1,2.316662535E1,1.543454477E0,2.707813263E1,4.748651342E0,7.043987117E0
3.007616289E2,6.507631723E1,2.552214987E1,2.371844052E1,1.550076504E0,2.707813263E1,4.748651320E0,7.054981541E0
3.017616168E2,6.507632947E1,2.552216470E1,2.409765701E1,1.543190313E0,2.709679985E1,4.748651285E0,7.041425023E0
3.027616057E2,6.507634250E1,2.552218051E1,2.419166807E1,1.551427542E0,2.709679985E1,4.748651321E0,7.071657828E0
3.037615942E2,6.507635594E1,2.552219681E1,2.463080771E1,1.541366824E0,2.709679985E1,4.748651281E0,7.083739736E0
3.047615826E2,6.507636922E1,2.552221291E1,2.491834001E1,1.533963522E0,2.709679985E1,4.748651315E0,7.007303052E0
3.057615710E2,6.507638250E1,2.552222902E1,2.476909576E1,1.520797022E0,2.709679985E1,4.748651293E0,6.915008923E0
3.067615594E2,6.507639486E1,2.552224400E1,2.503181267E1,1.518876283E0,2.709679985E1,4.748651267E0,6.937105347E0
3.077615488E2,6.507640825E1,2.552226016E1,2.542663963E1,1.508024093E0,2.683657455E1,4.748651284E0,6.801104236E0
3.087615372E2,6.507642119E1,2.552227568E1,2.548668076E1,1.441081995E0,2.683657455E1,4.748651290E0,6.865481439E0
3.097615268E2,6.507643525E1,2.552229254E1,2.598992462E1,1.511117251E0,2.683657455E1,4.748651262E0,6.981084540E0
3.107615156E2,6.507644937E1,2.552230947E1,2.628046712E1,1.548053145E0,2.683657455E1,4.748651240E0,7.103271500E0
3.117615037E2,6.507646251E1,2.552232523E1,2.610106081E1,1.532749037E0,2.683657455E1,4.748651219E0,7.068844362E0
3.127614933E2,6.507647445E1,2.552234117E1,2.655646688E1,1.546067447E0,2.817452049E1,4.748651227E0,7.043662535E0
3.137614825E2,6.507648672E1,2.552235675E1,2.652049029E1,1.541503284E0,2.817452049E1,4.748651247E0,7.131830887E0
3.147614714E2,6.507649948E1,2.552237295E1,2.671016936E1,1.537058197E0,2.817452049E1,4.748651237E0,7.142278642E0
3.157614603E2,6.507651195E1,2.552238878E1,2.701391022E1,1.526541431E0,2.817452049E1,4.748651185E0,7.239057851E0
3.167614502E2,6.507652461E1,2.552240485E1,2.686750198E1,1.550392295E0,2.817452049E1,4.748651179E0,7.246283901E0
3.177614397E2,6.507653786E1,2.552242167E1,2.699180271E1,1.545509813E0,2.817452049E1,4.748651232E0,7.278150713E0
3.187614282E2,6.507654857E1,2.552243528E1,2.598229430E1,1.405640086E0,2.821696663E1,4.748651262E0,7.162141023E0
3.197614176E2,6.507655613E1,2.552244489E1,2.504092757E1,1.352903081E0,2.821696663E1,4.748651253E0,7.636481892E0
3.207614070E2,6.507656610E1,2.552245757E1,2.454009690E1,1.447673775E0,2.821696663E1,4.748651198E0,7.878044438E0
3.217613980E2,6.507657666E1,2.552247099E1,2.408925679E1,1.504669980E0,2.821696663E1,4.748651134E0,8.321401509E0
3.227613863E2,6.507658701E1,2.552248416E1,2.399272703E1,1.514271396E0,2.821696663E1,4.748651116E0,8.598489044E0
3.237613753E2,6.507659795E1,2.552249808E1,2.377746062E1,1.506694282E0,2.821696663E1,4.748651037E0,8.640833092E0
3.247613651E2,6.507661031E1,2.552251380E1,2.413561056E1,1.533521068E0,2.821696663E1,4.748651032E0,8.807937408E0
3.257613544E2,6.507662146E1,2.552252797E1,2.396397538E1,1.518871717E0,2.821696663E1,4.748651136E0,8.679318455E0
3.267613444E2,6.507663375E1,2.552254296E1,2.407868580E1,1.482358971E0,2.618958855E1,4.748651161E0,8.435875518E0
3.277613338E2,6.507664431E1,2.552255526E1,2.367065931E1,1.437912014E0,2.618958855E1,4.748651089E0,8.430111290E0
3.287613239E2,6.507665687E1,2.552256991E1,2.339119453E1,1.480559152E0,2.618958855E1,4.748651046E0,8.455420492E0
3.297613128E2,6.507667097E1,2.552258634E1,2.392478424E1,1.511633480E0,2.618731689E1,4.748651106E0,8.395249798E0
3.307613028E2,6.507668358E1,2.552260105E1,2.426210271E1,1.522652728E0,2.618731689E1,4.748651009E0,8.504082419E0
3.317612923E2,6.507669386E1,2.552261302E1,2.382271907E1,1.467178840E0,2.618731689E1,4.748651093E0,7.921816107E0
3.327612824E2,6.507670553E1,2.552262663E1,2.364639503E1,1.388130228E0,2.618731689E1,4.748651192E0,7.568596043E0
3.337612721E2,6.507671724E1,2.552264027E1,2.338377089E1,1.354144717E0,2.618731689E1,4.748651104E0,7.999076787E0
3.347612611E2,6.507672800E1,2.552265322E1,2.342563331E1,1.437290399E0,2.618731689E1,4.748651183E0,7.646700967E0
3.357612516E2,6.507673960E1,2.552266635E1,2.370674781E1,1.489583839E0,2.618731689E1,4.748651113E0,7.651945218E0
3.367612410E2,6.507675167E1,2.552268041E1,2.401876067E1,1.518478052E0,2.618731689E1,4.748651032E0,8.443805217E0
3.377612313E2,6.507676321E1,2.552269386E1,2.450773223E1,1.453916171E0,2.618731689E1,4.748651098E0,8.305869865E0
3.387612208E2,6.507677498E1,2.552270688E1,2.526969032E1,1.397277054E0,2.510400963E1,4.748651089E0,8.620440975E0
3.397612109E2,6.507678236E1,2.552271522E1,2.485251091E1,1.133813976E0,2.651473236E1,4.748651271E0,7.819585696E0
3.407612003E2,6.507679275E1,2.552272751E1,2.478826974E1,1.140109039E0,2.651473236E1,4.748651288E0,7.584774459E0
3.417611898E2,6.507680574E1,2.552274287E1,2.509585964E1,1.264335743E0,2.651473236E1,4.748651247E0,7.602696936E0
3.427611793E2,6.507681530E1,2.552275417E1,2.523481331E1,1.147553758E0,2.651473236E1,4.748651295E0,7.388188831E0
3.437611700E2,6.507682847E1,2.552276975E1,2.503184834E1,1.278315392E0,2.651473236E1,4.748651267E0,7.201083263E0
3.447611588E2,6.507684085E1,2.552278438E1,2.519597546E1,1.343393082E0,2.651473236E1,4.748651246E0,7.247008678E0
3.457611488E2,6.507685224E1,2.552279786E1,2.532913860E1,1.359229077E0,2.651473236E1,4.748651249E0,7.103891918E0
3.467611388E2,6.507686292E1,2.552281048E1,2.536065083E1,1.322839027E0,2.651473236E1,4.748651259E0,7.022419688E0
3.477611284E2,6.507687184E1,2.552282103E1,2.511869071E1,1.300729658E0,2.651473236E1,4.748651264E0,7.057420870E0
3.487611189E2,6.507688293E1,2.552283415E1,2.527543232E1,1.275749197E0,2.651473236E1,4.748651269E0,6.994500603E0
3.497611085E2,6.507689289E1,2.552284593E1,2.515768630E1,1.325886947E0,2.651473236E1,4.748651259E0,6.946743372E0
3.507610981E2,6.507690805E1,2.552286385E1,2.600673918E1,1.472027438E0,2.651473236E1,4.748651228E0,6.931402597E0
3.517610885E2,6.507691991E1,2.552287788E1,2.625969323E1,1.488098420E0,2.651473236E1,4.748651208E0,7.139343011E0
3.527610780E2,6.507693260E1,2.552289321E1,2.677000417E1,1.499773753E0,2.728387260E1,4.748651174E0,7.535365870E0
3.537610679E2,6.507694660E1,2.552291033E1,2.756142159E1,1.499353327E0,2.728387260E1,4.748651171E0,7.692169586E0
3.545356255E2,6.507697235E1,2.552289594E1,2.850329887E1,4.104266010E-1,NaN,4.748651531E0,6.258215767E0
3.546290196E2,6.507697252E1,2.552290028E1,2.850329887E1,NaN,NaN,2.260667439E1,6.261253474E0
3.550428975E2,6.507696600E1,2.552260959E1,2.008329596E1,NaN,NaN,1.739729431E1,3.000000000E1
3.551195216E2,6.507691904E1,2.552287587E1,1.955389404E1,0.000000000E0,NaN,3.464745722E0,3.000000000E0
3.565505127E2,6.507691771E1,2.552288363E1,1.956951904E1,0.000000000E0,NaN,3.213428528E0,3.000000000E0
3.575505025E2,6.507691738E1,2.552288600E1,1.958471680E1,0.000000000E0,NaN,3.514338252E0,3.000000000E0
3.585504921E2,6.507691735E1,2.552288664E1,1.960437012E1,0.000000000E0,NaN,3.534126171E0,3.000000000E0
3.595504828E2,6.507692106E1,2.552289081E1,2.017846680E1,4.499999881E-1,3.058593750E1,3.303398652E0,3.000000000E0
3.605504722E2,6.507693022E1,2.552289583E1,2.052050781E1,8.299999833E-1,2.728387260E1,3.535533906E0,3.000000000E0
3.615517088E2,6.507694158E1,2.552290414E1,2.093756104E1,8.299999833E-1,2.728387260E1,3.535533906E0,3.000000000E0
3.625517088E2,6.507695467E1,2.552291758E1,2.151104736E1,1.279999971E0,2.728387260E1,3.535533906E0,3.000000000E0
3.635516931E2,6.507696806E1,2.552293217E1,2.189562988E1,1.360000014E0,2.728387260E1,3.535533906E0,3.000000000E0
3.645516953E2,6.507698110E1,2.552294791E1,2.234197998E1,1.370000005E0,2.728387260E1,3.535533906E0,3.000000000E0
3.655516900E2,6.507699265E1,2.552296315E1,2.253320312E1,1.360000014E0,2.728387260E1,3.535533906E0,3.000000000E0
3.665516703E2,6.507700406E1,2.552297877E1,2.226873779E1,1.309999943E0,2.683114815E1,3.535533906E0,3.000000000E0
3.675516692E2,6.507701626E1,2.552299428E1,2.246978760E1,1.309999943E0,2.683114815E1,3.535533906E0,3.000000000E0
3.685516701E2,6.507702668E1,2.552300716E1,2.274748632E1,1.309999943E0,2.683114815E1,4.748651530E0,4.029364438E0
3.695516512E2,6.507704036E1,2.552302397E1,2.339959359E1,1.450000048E0,2.683114815E1,4.748651530E0,4.029364438E0
3.705516474E2,6.507705323E1,2.552303941E1,2.333856225E1,1.480000019E0,2.683114815E1,4.748651530E0,4.029364438E0
3.715516428E2,6.507706527E1,2.552305461E1,2.343817925E1,1.450000048E0,2.707891655E1,4.748651530E0,4.029364438E0
3.725516238E2,6.507707711E1,2.552306960E1,2.380506920E1,1.440000057E0,2.601563718E1,4.748651530E0,4.029364438E0
3.735516248E2,6.507708859E1,2.552308114E1,2.382649635E1,1.419999957E0,2.250001048E1,4.748651530E0,4.029364438E0
3.745516201E2,6.507710007E1,2.552308984E1,2.379640029E1,1.389999986E0,1.863282106E1,4.748651530E0,4.029364438E0
3.755515997E2,6.507711130E1,2.552310024E1,2.357094405E1,1.389999986E0,1.933594637E1,4.748651530E0,4.029364438E0
3.765515809E2,6.507712103E1,2.552311408E1,2.383589384E1,1.330000043E0,2.355469775E1,4.748651530E0,4.029364438E0
3.775515626E2,6.507713106E1,2.552313093E1,2.367983267E1,1.330000043E0,2.847657473E1,4.748651530E0,4.029364438E0
3.785515451E2,6.507714022E1,2.552315171E1,2.332589742E1,1.330000043E0,3.445313951E1,4.748651530E0,4.029364438E0
3.795515279E2,6.507714677E1,2.552317887E1,2.259923193E1,1.340000033E0,4.464845565E1,4.748651530E0,4.029364438E0
3.805515112E2,6.507715026E1,2.552321081E1,2.220611402E1,1.340000033E0,5.695314665E1,4.748651530E0,4.029364438E0
3.815514945E2,6.507715264E1,2.552324499E1,2.221156904E1,1.340000033E0,6.609377362E1,4.748651530E0,4.029364438E0
3.825514783E2,6.507715447E1,2.552328050E1,2.220212958E1,1.379999995E0,7.066408760E1,4.748651530E0,4.029364438E0
3.835514627E2,6.507715390E1,2.552331462E1,2.207752059E1,1.379999995E0,7.804690103E1,4.748651530E0,4.029364438E0
3.845514466E2,6.507715195E1,2.552335261E1,2.216799760E1,1.500000000E0,8.613284135E1,4.748651530E0,4.029364438E0
3.855514315E2,6.507714971E1,2.552338970E1,2.251134515E1,1.500000000E0,9.210940390E1,4.748651530E0,4.029364438E0
3.865514172E2,6.507714878E1,2.552342454E1,2.193605065E1,1.470000029E0,9.035159084E1,4.748651530E0,4.029364438E0
3.875514019E2,6.507714892E1,2.552345745E1,2.189547370E1,1.399999976E0,8.648440194E1,4.748651530E0,4.029364438E0
3.885513877E2,6.507718189E1,2.552354705E1,2.351948749E1,1.269988113E0,7.763375567E1,4.748651533E0,4.723369866E0
3.895513738E2,6.507719186E1,2.552355647E1,2.352734089E1,1.261593453E0,6.413448378E1,4.748651505E0,4.736013223E0
3.905513591E2,6.507719885E1,2.552357720E1,2.381792849E1,1.253874153E0,6.175933867E1,4.748651496E0,4.748021345E0
3.915513459E2,6.507721481E1,2.552358240E1,2.346021736E1,1.245421952E0,4.936990994E1,4.748651467E0,4.748967117E0
3.925513317E2,6.507722989E1,2.552360018E1,2.397739287E1,1.221749553E0,4.081657927E1,4.748651449E0,4.766757214E0
3.935513181E2,6.507723995E1,2.552360946E1,2.432803899E1,1.219172942E0,3.347822963E1,4.748651437E0,4.767389070E0
3.945513048E2,6.507725008E1,2.552360321E1,2.409267919E1,1.119615547E0,3.163842803E1,4.748651443E0,4.828697782E0
3.955512908E2,6.507725930E1,2.552361067E1,2.427473550E1,1.358662135E0,3.232746245E1,4.748651431E0,4.818355398E0
3.965512782E2,6.507727002E1,2.552361279E1,2.437391268E1,1.363839498E0,3.147306709E1,4.748651431E0,4.834336912E0
3.975512661E2,6.507728322E1,2.552361046E1,2.441726215E1,1.117253762E0,3.237847252E1,4.748651454E0,4.822000205E0
3.985512531E2,6.507729995E1,2.552360065E1,2.467359680E1,1.372541416E0,9.652517319E0,4.748651419E0,4.802523592E0
3.995512397E2,6.507731023E1,2.552359233E1,2.440504114E1,1.226950361E0,9.652517319E0,4.748651427E0,4.760093665E0
4.005512279E2,6.507732373E1,2.552358913E1,2.427387364E1,1.140292629E0,9.652517319E0,4.748651433E0,4.783343959E0
4.015512151E2,6.507733798E1,2.552358375E1,2.486607954E1,1.333699485E0,1.014331722E1,4.748651407E0,4.775987048E0
4.025512024E2,6.507734975E1,2.552358026E1,2.422603375E1,1.337698274E0,1.014331722E1,4.748651409E0,4.802839770E0
4.035511894E2,6.507735944E1,2.552359386E1,2.361874347E1,1.167988336E0,1.014331722E1,4.748651442E0,4.820803314E0
4.045511776E2,6.507736705E1,2.552361929E1,2.351103107E1,1.128290726E0,1.014331722E1,4.748651446E0,4.802913833E0
4.055511654E2,6.507737892E1,2.552362564E1,2.397807110E1,1.068879540E0,8.171138763E0,4.748651459E0,4.779299062E0
4.065511541E2,6.507738820E1,2.552363017E1,2.422847209E1,1.077942187E0,8.171138763E0,4.748651501E0,4.783791296E0
4.075511419E2,6.507739720E1,2.552362851E1,2.420122779E1,8.296224251E-1,8.171138763E0,4.748651539E0,4.770030859E0
4.085511298E2,6.507740168E1,2.552363004E1,2.413974930E1,1.399294996E0,8.171138763E0,4.748651543E0,4.912411580E0
4.095511175E2,6.507740380E1,2.552362872E1,2.377361273E1,8.659679499E-1,5.372789383E0,4.748651532E0,4.724298381E0
4.105511057E2,6.507741308E1,2.552365234E1,2.369448697E1,1.243005014E0,7.140562384E1,4.748651529E0,4.676901093E0
4.115510946E2,6.507740059E1,2.552366867E1,2.389605174E1,1.289119680E0,7.453465062E1,4.748651543E0,6.627935591E0
4.125510821E2,6.507740387E1,2.552369670E1,2.415598456E1,1.199973354E0,7.404455866E1,4.748651543E0,6.497708365E0
4.135510709E2,6.507740753E1,2.552372952E1,2.425593194E1,1.132649000E0,7.394522165E1,4.748651541E0,6.447403648E0
4.145510592E2,6.507741164E1,2.552376436E1,2.453168727E1,8.119650935E-1,7.304821679E1,4.748651540E0,6.637047782E0
4.155510477E2,6.507741698E1,2.552381147E1,2.436509794E1,1.100202797E0,7.246367253E1,4.748651533E0,6.473423041E0
4.165510355E2,6.507742552E1,2.552386439E1,2.491059127E1,1.218216781E0,7.139245328E1,4.748651527E0,6.461242928E0
4.175510244E2,6.507743086E1,2.552391208E1,2.551187020E1,1.039226157E0,6.717014482E1,4.748651510E0,6.439337970E0
4.185510135E2,6.507744320E1,2.552398672E1,2.582823159E1,1.281005505E0,6.801034434E1,4.748651510E0,6.441451360E0
4.195510014E2,6.507743757E1,2.552403433E1,2.566764283E1,8.606756819E-1,6.608929526E1,4.748651510E0,6.557973733E0
4.205509899E2,6.507744669E1,2.552406873E1,2.600841795E1,1.220401888E0,6.802244166E1,4.748651507E0,6.434395553E0
4.215509785E2,6.507745593E1,2.552409352E1,2.693895459E1,1.210295297E0,6.042240686E1,4.748651462E0,6.671699959E0
4.225509668E2,6.507746246E1,2.552411310E1,2.682625806E1,1.163565006E0,5.670622090E1,4.748651447E0,6.633481178E0
4.235509562E2,6.507747518E1,2.552412283E1,2.731207591E1,1.120949852E0,4.421751327E1,4.748651366E0,6.687873006E0
4.245509444E2,6.507748229E1,2.552412693E1,2.724584517E1,1.017417638E0,3.543897114E1,4.748651333E0,6.666385255E0
4.255509334E2,6.507749351E1,2.552413082E1,2.688588159E1,1.107692039E0,2.716232704E1,4.748651276E0,6.690508003E0
4.265509219E2,6.507750423E1,2.552412805E1,2.694668956E1,1.180267256E0,1.747876412E1,4.748651283E0,6.732369482E0
4.275509109E2,6.507751435E1,2.552412997E1,2.712306762E1,1.086962979E0,1.734570385E1,4.748651305E0,6.732608686E0
4.285508989E2,6.507752766E1,2.552413156E1,2.711308852E1,1.136513451E0,1.523137875E1,4.748651238E0,6.782135485E0
4.295508882E2,6.507754058E1,2.552413670E1,2.729662782E1,1.227482021E0,1.725458672E1,4.748651264E0,6.774430346E0
4.305508767E2,6.507755179E1,2.552415049E1,2.715545656E1,1.284309716E0,2.274884818E1,4.748651266E0,6.789984024E0
4.315508657E2,6.507756332E1,2.552416202E1,2.772528480E1,1.264709859E0,2.657547682E1,4.748651281E0,6.705986254E0
4.325508552E2,6.507757041E1,2.552417511E1,2.750678084E1,1.174614756E0,2.894985267E1,4.748651264E0,6.740501909E0
4.335508427E2,6.507758022E1,2.552418609E1,2.775417196E1,1.166282133E0,2.638603928E1,4.748651291E0,6.727194249E0
4.345508316E2,6.507759464E1,2.552419446E1,2.794658100E1,1.215414796E0,2.510401572E1,4.748651275E0,6.701423375E0
4.355508208E2,6.507760608E1,2.552421001E1,2.817351155E1,1.221152784E0,2.570176929E1,4.748651282E0,6.722599078E0
4.365508098E2,6.507761428E1,2.552421234E1,2.801202716E1,1.130363258E0,2.199359590E1,4.748651293E0,6.886396315E0
4.375507982E2,6.507761900E1,2.552422729E1,2.766257938E1,1.077719705E0,3.115620768E1,4.748651340E0,6.814764133E0
4.385507881E2,6.507763495E1,2.552422273E1,2.818511158E1,1.051522569E0,4.608832932E1,4.748651347E0,6.664202009E0
4.395507760E2,6.507765014E1,2.552421177E1,2.801789245E1,8.909298844E-1,4.608832932E1,4.748651350E0,6.817311351E0
4.405507655E2,6.507766395E1,2.552420641E1,2.840601542E1,8.888128747E-1,4.608832932E1,4.748651346E0,6.734712289E0
4.415507541E2,6.507767736E1,2.552421197E1,2.872976733E1,8.918909200E-1,4.661999893E1,4.748651364E0,6.836023418E0
4.425507426E2,6.507768604E1,2.552422332E1,2.873916949E1,8.070333788E-1,4.661999893E1,4.748651459E0,6.840409991E0
4.435507323E2,6.507767644E1,2.552425426E1,2.824498915E1,7.570657958E-1,8.949243128E1,4.748651578E0,6.699190211E0
4.445507209E2,6.507766865E1,2.552429992E1,2.808906786E1,1.074663515E0,9.983914023E1,4.748651625E0,6.558441774E0
4.455507093E2,6.507765616E1,2.552433676E1,2.769313110E1,9.849197564E-1,1.084731949E2,4.748651645E0,6.447893030E0
4.465506988E2,6.507764393E1,2.552438118E1,2.766911004E1,9.459424993E-1,1.134486141E2,4.748651639E0,6.374914282E0
4.475506879E2,6.507763383E1,2.552442588E1,2.755437519E1,9.141305239E-1,1.073277561E2,4.748651601E0,6.293237107E0
4.485506761E2,6.507763451E1,2.552445156E1,2.743081747E1,7.701186927E-1,1.008981771E2,4.748651584E0,6.411894750E0
4.495506657E2,6.507763462E1,2.552447419E1,2.716235590E1,6.923682524E-1,9.532996139E1,4.748651562E0,6.298090920E0
4.505506542E2,6.507764154E1,2.552450380E1,2.735964410E1,8.004832635E-1,8.523709160E1,4.748651536E0,6.254078778E0
4.515506433E2,6.507763828E1,2.552453561E1,2.701797459E1,8.888535276E-1,9.178897487E1,4.748651543E0,6.133646131E0
4.525506330E2,6.507763641E1,2.552455688E1,2.716992583E1,8.453257626E-1,1.009262545E2,4.748651576E0,6.312644157E0
4.535506211E2,6.507763488E1,2.552459193E1,2.729146505E1,1.204738991E0,9.981549792E1,4.748651593E0,6.342517318E0
4.545506099E2,6.507763640E1,2.552462158E1,2.734181582E1,1.169416932E0,9.502608951E1,4.748651555E0,6.139295210E0
4.555505994E2,6.507764046E1,2.552464672E1,2.726444378E1,9.679999585E-1,9.054312890E1,4.748651541E0,6.200486669E0
4.565505883E2,6.507764282E1,2.552467138E1,2.736542921E1,8.695487585E-1,9.217644366E1,4.748651545E0,6.262300987E0
4.575505772E2,6.507764258E1,2.552469321E1,2.719871608E1,7.641895019E-1,9.460711748E1,4.748651549E0,6.285746454E0
4.585505663E2,6.507764823E1,2.552471824E1,2.736464764E1,7.734226907E-1,8.386177226E1,4.748651522E0,6.244496072E0
4.595505549E2,6.507764707E1,2.552475292E1,2.746566211E1,1.117692488E0,9.060768101E1,4.748651545E0,6.176027234E0
4.605505440E2,6.507765002E1,2.552477651E1,2.766271159E1,9.856651177E-1,8.684960482E1,4.748651537E0,6.280849911E0
4.615505335E2,6.507765597E1,2.552478926E1,2.784955448E1,7.025138929E-1,8.016324324E1,4.748651523E0,6.286614080E0
4.625505224E2,6.507766274E1,2.552479335E1,2.768471496E1,4.788069728E-1,6.239894290E1,4.748651496E0,6.415983588E0